epoch,beta,seconds,train_loss,train_position,train_rotation,train_kl,train_overlap,val_loss,val_recon,val_position,val_rotation,val_kl,val_position_m,val_active_units,val_dead_encoder_1,val_dead_encoder_2,val_dead_decoder_1,val_dead_decoder_2,best,grad_encoder_1,grad_encoder_2,grad_to_mu,grad_to_logvar,grad_decoder_1,grad_decoder_2,grad_head_pos,grad_head_rot
1,0.0,1.02,1.1274120807647705,0.28562232851982117,0.8417893052101135,30.87931251525879,0.0,4.287100791931152,0.17153103649616241,0.1390644609928131,0.032466571778059006,41.15569305419922,0.8161234259605408,16,0.0,0.0,0.0,0.0,False,0.19316015010926782,0.23118840194329981,0.262545562371975,0.1206244491949314,0.20509978038508717,0.38721559105849845,0.29098622391863566,0.6891312017673399
2,0.005000000000000001,1.03,0.29127493500709534,0.1316014677286148,0.041177403181791306,23.699207305908203,0.0,1.771949052810669,0.11546456068754196,0.09584969282150269,0.019614864140748978,16.564844131469727,0.6508297920227051,16,0.0,0.0,0.0,0.0,False,0.08995605096584414,0.08618853731853206,0.12577715152647437,0.04068777328584253,0.05777630573365747,0.07914535010733255,0.18568771641428877,0.09955838831459604
3,0.010000000000000002,0.96,0.2782447636127472,0.1046532467007637,0.03445019945502281,13.914132118225098,0.0,1.3134902715682983,0.09764420986175537,0.08007252216339111,0.017571689561009407,12.15846061706543,0.5790110230445862,16,0.0,0.0,0.0,0.0,False,0.13551104941019199,0.13185189409953793,0.18948188642176186,0.06308349748937095,0.0815447656119742,0.09262858367547756,0.1801316796279535,0.0913308306438167
4,0.015,0.95,0.30139392614364624,0.09408019483089447,0.032330434769392014,11.665557861328125,0.0,1.1428385972976685,0.08959615230560303,0.07450958341360092,0.015086563304066658,10.532423973083496,0.5528973937034607,16,0.0,0.0,0.0,0.0,False,0.17899750500190548,0.1711669666011159,0.27979646077970177,0.10082597267336962,0.11079806816287158,0.11157053272898604,0.17591878844470513,0.09769581585395627
5,0.020000000000000004,1.16,0.3269614577293396,0.09064395725727081,0.03215286135673523,10.208231925964355,0.0,1.055861234664917,0.09443787485361099,0.07786566764116287,0.01657220348715782,9.614233016967773,0.5677230954170227,16,0.0,0.0,0.0,0.0,False,0.20744593550519244,0.18945138047381146,0.34912921161186405,0.13947414770358946,0.13295444628087486,0.12178214003400105,0.1774562393746725,0.09908745928508479
6,0.025,1.02,0.3573026657104492,0.09084425121545792,0.03312138468027115,9.33348560333252,0.0,0.9864629507064819,0.08853480219841003,0.07422680407762527,0.014307993464171886,8.979281425476074,0.5471405386924744,16,0.0,0.0,0.0,0.0,False,0.22607424201034917,0.20029067993164062,0.429162653481088,0.17584862360140172,0.1568914506493545,0.13394204581656108,0.1858636925860149,0.1088134137595572
7,0.03,1.02,0.38225340843200684,0.09299545735120773,0.03444083780050278,8.493903160095215,0.0,0.9136606454849243,0.09250351786613464,0.07875891029834747,0.013744601979851723,8.21157169342041,0.5649647116661072,15,0.0,0.0,0.0,0.0,False,0.242745701859637,0.20842922024610566,0.49242689551376717,0.20972096047750333,0.18168017922378168,0.14422971446339677,0.17942549542682926,0.11580091569481826
8,0.034999999999999996,1.0,0.4080011546611786,0.09596588462591171,0.03529937192797661,7.906738758087158,0.0,0.8351784348487854,0.10565949231386185,0.0865459069609642,0.01911359652876854,7.295189380645752,0.5917434692382812,14,0.0,0.0,0.0,0.0,False,0.24340948244420493,0.20464820396609423,0.5277573190084318,0.23347203324480756,0.18836414523240996,0.14205089429529702,0.17741289371397437,0.11752740348257669
9,0.04000000000000001,1.04,0.4393436312675476,0.09993044286966324,0.0395842082798481,7.495721340179443,0.0,0.816899299621582,0.10461121797561646,0.08834408223628998,0.016267135739326477,7.122880458831787,0.5998497605323792,14,0.0,0.0,0.0,0.0,False,0.2728889046645746,0.22786507955411586,0.6373323114906869,0.2782784206111257,0.22765773680151963,0.15621751692236924,0.1836708696877084,0.13020639884762647
10,0.045000000000000005,1.0,0.4664395749568939,0.10450579226016998,0.04098445922136307,7.132206439971924,0.0,0.8028801083564758,0.11328764259815216,0.09352361410856247,0.019764024764299393,6.8959245681762695,0.6194376945495605,11,0.0,0.0,0.0,0.0,False,0.2763362047148914,0.22293011735125287,0.6536401423012338,0.3048732106278582,0.23123043339426924,0.15303694329610684,0.19821818281964557,0.13164531893846465
11,0.05,0.99,0.485186904668808,0.10854452103376389,0.03972155973315239,6.738414287567139,0.0,0.7758803963661194,0.1361781358718872,0.10091303288936615,0.03526511415839195,6.397022724151611,0.6456955075263977,10,0.0,0.0,0.0,0.0,False,0.2709966752587295,0.21604235579327838,0.6944574495641197,0.31693207345357755,0.24024570279005097,0.1509308117191966,0.19255278750163754,0.13056531766565835
12,0.05500000000000001,1.0,0.5079289078712463,0.1110297217965126,0.042733192443847656,6.439383029937744,0.0,0.7559163570404053,0.131552055478096,0.10553360730409622,0.026018457487225533,6.243643283843994,0.6646632552146912,11,0.0,0.0,0.0,0.0,False,0.29318783922893243,0.22779399592701982,0.7419731791426496,0.35284440110369425,0.2518192384301162,0.15195563944374643,0.18847713237855493,0.13388391820395865
13,0.06,1.26,0.5386484265327454,0.11599184572696686,0.04615332931280136,6.275053977966309,0.0,0.7225361466407776,0.15953588485717773,0.11080721020698547,0.04872867465019226,5.630002498626709,0.6798908710479736,10,0.0,0.0,0.0,0.0,False,0.29009944636647295,0.22071187089129193,0.7722097722495475,0.3597781251116497,0.26030221799524816,0.15341314455357993,0.19053067230596776,0.13981180656247022
14,0.065,1.16,0.5519574284553528,0.11853709816932678,0.04616492986679077,5.9577741622924805,0.0,0.7142581939697266,0.1296807825565338,0.10779453068971634,0.021886270493268967,5.845774173736572,0.6748241782188416,11,0.0,0.0,0.0,0.0,False,0.29383012725085744,0.22552774010635004,0.8039936903046399,0.3912967588843369,0.274473422911109,0.1543131921349502,0.19694756298530391,0.13942603367130932
15,0.06999999999999999,1.01,0.58491450548172,0.12057928740978241,0.05090538412332535,5.90614128112793,0.0,0.714674711227417,0.12852783501148224,0.10792391002178192,0.020603932440280914,5.86146879196167,0.6772626042366028,10,0.0,0.0,0.0,0.0,False,0.3114731718854206,0.23283118736453173,0.8581326182295637,0.41303481125250097,0.2871765276280845,0.1561320118787812,0.20271761824445025,0.14333664498678067
16,0.07500000000000001,0.99,0.6004531383514404,0.12523530423641205,0.05257374420762062,5.63525390625,0.0,0.7037355899810791,0.15969064831733704,0.11674726009368896,0.04294339194893837,5.4404497146606445,0.7007395625114441,10,0.0,0.0,0.0,0.0,False,0.29216273238019247,0.22262084774854707,0.8653278816037062,0.43365259868342704,0.2885770565126,0.15561967942772842,0.200922710139577,0.14763113347495474
17,0.08000000000000002,0.98,0.6156075596809387,0.12633191049098969,0.0511806346476078,5.476187705993652,0.0,0.6877835988998413,0.1608104407787323,0.12180306017398834,0.039007365703582764,5.269731044769287,0.7177979946136475,8,0.0,0.0,0.0,0.0,False,0.2855015266232374,0.2211961978819312,0.8689295140708365,0.42684903958948645,0.3061703239999166,0.15358518972629454,0.19845743877131763,0.1433699886973311
18,0.085,0.96,0.6358112096786499,0.12905871868133545,0.053137317299842834,5.3366498947143555,0.0,0.6737363338470459,0.1414104849100113,0.12030639499425888,0.021104099228978157,5.323258399963379,0.71992027759552,8,0.0,0.0,0.0,0.0,False,0.2974134538231826,0.22420606380555688,0.9205195729325457,0.459580305146008,0.31099735818258145,0.1567889655508646,0.1969317226875119,0.15300879827359828
19,0.09000000000000001,1.26,0.659850001335144,0.13373954594135284,0.05772536247968674,5.20427942276001,0.0,0.6675714254379272,0.14547894895076752,0.12008336186408997,0.025395592674613,5.220924377441406,0.718437671661377,8,0.0,0.0,0.0,0.0,False,0.30139934725877715,0.22818779363864805,0.969409291337176,0.46792128027939217,0.33511419994075126,0.1627333920176436,0.21290518597858707,0.15512020994977252
20,0.095,1.15,0.6791470646858215,0.13435626029968262,0.05944552272558212,5.1088972091674805,0.0,0.6550472974777222,0.1662648618221283,0.12998659908771515,0.036278266459703445,4.887824535369873,0.7469125390052795,8,0.0,0.0,0.0,0.0,False,0.30072523907917303,0.23034146936928354,0.9995447484458365,0.49466989098525627,0.33016083880168634,0.1561073907991735,0.2069852410293207,0.1545847450814596
21,0.1,0.99,0.6906659603118896,0.1386239379644394,0.057110704481601715,4.949313640594482,0.0,0.645773708820343,0.1699620932340622,0.13152587413787842,0.038436196744441986,4.758116245269775,0.7526995539665222,8,0.0,0.0,0.0,0.0,True,0.29300592003799064,0.22272693820115996,0.9876574074349752,0.5028544635307498,0.33071194625482325,0.15362710487551806,0.20423186697610995,0.15552428873573862
22,0.1,0.99,0.6867156624794006,0.14000090956687927,0.0605345256626606,4.8618011474609375,0.0,0.645150899887085,0.15278832614421844,0.128706157207489,0.024082154035568237,4.923625946044922,0.7528621554374695,8,0.0,0.0,0.0,0.0,True,0.2949021269635456,0.21838706877173447,1.0077475571050876,0.5040121776301686,0.34211877497231086,0.1603866670189834,0.20413973273300542,0.1610173481266673
23,0.1,1.37,0.6767826080322266,0.14084254205226898,0.0553012453019619,4.806384563446045,0.0,0.6403799057006836,0.16222217679023743,0.1312873810529709,0.03093479387462139,4.781577110290527,0.7570939064025879,8,0.0,0.0,0.0,0.0,True,0.275004712546744,0.20510640958460366,0.94251595473871,0.49579159806414347,0.3239603973016506,0.14959766806625738,0.19851598507020532,0.15517274344839702
24,0.1,1.09,0.6818520426750183,0.13855266571044922,0.05798853561282158,4.85310697555542,0.0,0.636089563369751,0.1619788110256195,0.13031597435474396,0.03166285157203674,4.74110746383667,0.7569170594215393,8,0.0,0.0,0.0,0.0,True,0.27957157972382335,0.21155603920541158,1.0002420006728754,0.5286907568210508,0.3327628577627787,0.15032112307664824,0.2057125045032036,0.15261427949114545
25,0.1,1.02,0.6690860390663147,0.13902811706066132,0.052861444652080536,4.771964073181152,0.0,0.6403099298477173,0.1524599939584732,0.1253201812505722,0.027139808982610703,4.878499507904053,0.7397410273551941,8,0.0,0.0,0.0,0.0,False,0.26525304375625236,0.2012824081793064,0.9633319203446551,0.49513695879680353,0.32703436874761815,0.14473257995233302,0.2047138214111328,0.1474294778777332
26,0.1,1.04,0.6701648831367493,0.13607566058635712,0.053631965070962906,4.804572105407715,0.0,0.6334209442138672,0.18327400088310242,0.13096748292446136,0.05230651795864105,4.501469612121582,0.7480265498161316,8,0.0,0.0,0.0,0.0,True,0.26741060396520105,0.1986013040309999,0.9677434781702553,0.5061660859642959,0.33179569244384766,0.14607531849930927,0.20057938738567074,0.15523916337548233
27,0.1,0.94,0.6599222421646118,0.13578051328659058,0.05088866874575615,4.732530117034912,0.0,0.6277478933334351,0.1636686772108078,0.12525884807109833,0.03840982913970947,4.640792369842529,0.7314432859420776,7,0.0,0.0,0.0,0.0,True,0.2569814542444741,0.1945831950117902,0.9449747597298971,0.5017291278373904,0.3169687782845846,0.1348085054537145,0.19878236258902202,0.13744225153108922
28,0.1,0.94,0.6637689471244812,0.13369151949882507,0.05596208944916725,4.741153240203857,0.0,0.6293635964393616,0.14957758784294128,0.12239056080579758,0.02718701958656311,4.797860145568848,0.7257983088493347,7,0.0,0.0,0.0,0.0,False,0.2690499468547542,0.20226304124041303,0.9963177006419112,0.5236420515106945,0.3385691293855993,0.14272707264597823,0.1995961259051067,0.14540751387433307
29,0.1,0.97,0.6505156755447388,0.1325642317533493,0.04973844066262245,4.682130813598633,0.0,0.6240639090538025,0.15140672028064728,0.12220259755849838,0.029204128310084343,4.726572036743164,0.7236055135726929,7,0.0,0.0,0.0,0.0,True,0.2538614040467797,0.1899574907814584,0.9133112837628621,0.48069921353968176,0.319052137979647,0.1336696554974812,0.19407307229390958,0.13962995715257598
30,0.1,0.96,0.6483667492866516,0.13180901110172272,0.05033804476261139,4.662196159362793,0.0,0.6155412793159485,0.15530729293823242,0.12432123720645905,0.030986057594418526,4.602339744567871,0.7280470132827759,7,0.0,0.0,0.0,0.0,True,0.24511581513939834,0.18642244106385766,0.9142525835735041,0.506153990582722,0.3104340157857755,0.12920464538946386,0.19255832346474253,0.13291998607356373
31,0.1,0.97,0.6557113528251648,0.13192537426948547,0.05044380575418472,4.733420372009277,0.0,0.6258575916290283,0.14498433470726013,0.12085150927305222,0.024132827296853065,4.808732509613037,0.7212144732475281,7,0.0,0.0,0.0,0.0,False,0.24465821428996762,0.18745236280487804,0.9217818655618807,0.5087696633687834,0.31652764576237374,0.13059102035150294,0.1968056981156512,0.13772997042027915
32,0.1,1.0,0.6572532653808594,0.1298627406358719,0.05499942600727081,4.723910808563232,0.0,0.6131953001022339,0.1385885775089264,0.11677289754152298,0.021815676242113113,4.746067047119141,0.7060588002204895,7,0.0,0.0,0.0,0.0,True,0.25350626503548973,0.19282097932769032,0.9535000498701887,0.5323919901033727,0.3346431313491449,0.13531104529776225,0.19577514834520293,0.14173259967710913
33,0.1,1.13,0.6437115669250488,0.1288754940032959,0.049240779131650925,4.6559553146362305,0.0,0.6059401631355286,0.14736661314964294,0.11789783835411072,0.029468780383467674,4.585735321044922,0.7107217907905579,7,0.0,0.0,0.0,0.0,True,0.23785537626685166,0.1819699450236995,0.8984531309546494,0.5097899088045446,0.30589026939578173,0.12345731549146699,0.19563119004412396,0.12958812713623047
34,0.1,1.1,0.6429843902587891,0.1281873732805252,0.048906948417425156,4.658899307250977,0.0,0.6040059924125671,0.15573973953723907,0.12050976604223251,0.03522997349500656,4.482662200927734,0.715258777141571,7,0.0,0.0,0.0,0.0,True,0.2226771377935642,0.16925574512016484,0.8759345077886814,0.4594922414640101,0.2966670524783251,0.12224631193207532,0.19180896805553901,0.13266642500714557
35,0.1,0.98,0.6419987082481384,0.12927813827991486,0.048245660960674286,4.644749641418457,0.0,0.6086921691894531,0.16154047846794128,0.12176421284675598,0.03977625072002411,4.4715166091918945,0.7209587693214417,7,0.0,0.0,0.0,0.0,False,0.23942651981260718,0.1781103436539813,0.9301006038014482,0.5141574115287967,0.31050803021686835,0.1255285449144317,0.1895349200178937,0.1342784253562369
36,0.1,0.96,0.6454813480377197,0.1289617419242859,0.052174728363752365,4.6434478759765625,0.0,0.6088908910751343,0.15170621871948242,0.12075962871313095,0.030946597456932068,4.571846961975098,0.7179051637649536,7,0.0,0.0,0.0,0.0,False,0.24417435250631192,0.18201695418939356,0.9239067449802305,0.5080919033143578,0.31977281337831076,0.12381446652296113,0.18906641006469727,0.13174046539678808
37,0.1,0.96,0.6365925669670105,0.127628356218338,0.047441162168979645,4.615231513977051,0.0,0.5992543697357178,0.1513700932264328,0.11933961510658264,0.032030485570430756,4.478842735290527,0.7118304371833801,7,0.0,0.0,0.0,0.0,True,0.2331084042060666,0.1702747228668957,0.8893350740758384,0.48070219086437693,0.30799928525599035,0.12218391604539824,0.184923067325499,0.134061534230302
38,0.1,0.94,0.6387115120887756,0.12690454721450806,0.047692906111478806,4.641140937805176,0.0,0.6105130910873413,0.14324072003364563,0.11547297984361649,0.027767743915319443,4.672723770141602,0.7006176710128784,7,0.0,0.0,0.0,0.0,False,0.23127046445520913,0.17431225427767125,0.9026751634551258,0.4851422658780726,0.31123212488686164,0.11909953559317239,0.18468995210601064,0.12956572741996952
39,0.1,0.98,0.6430438160896301,0.1286993771791458,0.0496077761054039,4.647366046905518,0.0,0.5996840596199036,0.1352238804101944,0.11412501335144043,0.021098867058753967,4.644601821899414,0.7006459832191467,7,0.0,0.0,0.0,0.0,False,0.2329125753263148,0.1744000272053044,0.929269651087319,0.5065623957936357,0.3254719943535037,0.1247731534446158,0.18229772986435308,0.1347946073950791
40,0.1,0.96,0.6411285996437073,0.12577438354492188,0.048112671822309494,4.672415256500244,0.0,0.608612596988678,0.13807038962841034,0.11388742178678513,0.024182964116334915,4.7054219245910645,0.6938214302062988,7,0.0,0.0,0.0,0.0,False,0.2261789833627096,0.16875833418311142,0.9219514800281059,0.5162646130817693,0.3102571673509551,0.12004867414148843,0.18171707013758218,0.13164567947387695
41,0.1,0.95,0.6371691226959229,0.12499365955591202,0.04667741805315018,4.654979228973389,0.0,0.621597409248352,0.16480664908885956,0.11740337312221527,0.047403279691934586,4.567907333374023,0.702750563621521,7,0.0,0.0,0.0,0.0,False,0.2244417609238043,0.16645539679178378,0.8957362291289539,0.506038619250786,0.30479905663467033,0.11526755588810618,0.1825923105565513,0.12628105210094917
42,0.1,0.97,0.6384672522544861,0.12525558471679688,0.051870111376047134,4.613414764404297,0.0,0.6066461205482483,0.14830057322978973,0.11580099910497665,0.032499585300683975,4.583455562591553,0.7008318305015564,7,0.0,0.0,0.0,0.0,False,0.23263282310671923,0.17189367806039205,0.9350394272222752,0.505140211524033,0.32378699139850897,0.1208583901568157,0.1840420234494093,0.13245447670541158
43,0.1,1.08,0.6313612461090088,0.1254114955663681,0.04859767481684685,4.573522090911865,0.0,0.5822668671607971,0.15719404816627502,0.11962573230266571,0.03756831958889961,4.250728130340576,0.7077305316925049,7,0.0,0.0,0.0,0.0,True,0.21436151644078696,0.15575142604548756,0.8451914903594226,0.4717519341445551,0.2957311955893912,0.11182402401435666,0.18148953740189716,0.12304076915834009
44,0.1,1.01,0.6257432103157043,0.12507320940494537,0.045716043561697006,4.5495405197143555,0.0,0.5967536568641663,0.14937584102153778,0.11666097491979599,0.03271486982703209,4.473778247833252,0.7018100619316101,7,0.0,0.0,0.0,0.0,False,0.2206524406991354,0.16246062953297685,0.8675565021794017,0.47010170541158536,0.30624647838313407,0.11267820218714272,0.18283122923316025,0.12487341717975896
45,0.1,0.98,0.62249356508255,0.12567205727100372,0.047134220600128174,4.496872901916504,0.0,0.5993165969848633,0.15770697593688965,0.11722998321056366,0.04047698527574539,4.416095733642578,0.7015888094902039,7,0.0,0.0,0.0,0.0,False,0.2222887364829459,0.16117647217541206,0.8739585876464844,0.4798125290289158,0.304793474150867,0.11205545285852944,0.18380311640297495,0.12350225448608398
46,0.1,0.97,0.6328238844871521,0.12450814247131348,0.04979202523827553,4.5852370262146,0.0,0.5988768339157104,0.13676197826862335,0.1124420315027237,0.024319948628544807,4.621148586273193,0.6874548196792603,7,0.0,0.0,0.0,0.0,False,0.22802224973352944,0.16416004227428901,0.8822345268435594,0.5109760935713605,0.314790237240675,0.11209655389553164,0.17482026030377643,0.12244658353852063
47,0.1,0.97,0.6320122480392456,0.12220584601163864,0.04593316465616226,4.638732433319092,0.0,0.5916979312896729,0.15502077341079712,0.11704939603805542,0.037971388548612595,4.366771697998047,0.6989153623580933,7,0.0,0.0,0.0,0.0,False,0.21129282509408345,0.15330272767601943,0.8483181464962843,0.46215238803770486,0.29298561375315596,0.10937647703217297,0.17632622835112782,0.12366565843907798
48,0.1,1.02,0.6280872821807861,0.12269756942987442,0.0471561998128891,4.582332611083984,0.0,0.5931301116943359,0.14790987968444824,0.11431165784597397,0.033598244190216064,4.452202320098877,0.6923878192901611,7,0.0,0.0,0.0,0.0,False,0.21182448689530536,0.15378050687836436,0.8620590582126524,0.47511561323956747,0.3045374242270865,0.1083371581100836,0.1739476483042647,0.12098049535983946
49,0.1,0.95,0.6203600764274597,0.12390781939029694,0.044722504913806915,4.51729679107666,0.0,0.5904414653778076,0.14850789308547974,0.11686453223228455,0.03164335712790489,4.41933536529541,0.7029364705085754,7,0.0,0.0,0.0,0.0,False,0.2123596842696027,0.1521244863184487,0.8572850111054211,0.4591063057504049,0.29490196414110137,0.1083967511246844,0.1850856106455733,0.12264911139883646
50,0.1,0.97,0.6214975714683533,0.12267808616161346,0.04771322384476662,4.511062145233154,0.0,0.595481276512146,0.1344268023967743,0.1110602393746376,0.023366566747426987,4.610544681549072,0.6829118728637695,7,0.0,0.0,0.0,0.0,False,0.19871320957090796,0.1457918213634956,0.8209634176114711,0.44482910342332793,0.29207908816453887,0.1072151021259587,0.1794428825378418,0.11856402420416111
51,0.1,0.99,0.6233683824539185,0.12161095440387726,0.04372696578502655,4.58030366897583,0.0,0.586052417755127,0.15367624163627625,0.11597976833581924,0.037696473300457,4.323761940002441,0.6970173120498657,7,0.0,0.0,0.0,0.0,False,0.21193974192549542,0.15499087077815357,0.8757607064596037,0.4944090494295446,0.299963067217571,0.10592540880528892,0.1768475392969643,0.11915130150027392
52,0.1,0.97,0.6238440275192261,0.12292095273733139,0.04512616991996765,4.557971000671387,0.0,0.588387131690979,0.14009340107440948,0.11109770834445953,0.028995683416724205,4.482937335968018,0.6837320327758789,7,0.0,0.0,0.0,0.0,False,0.21538904236584175,0.15779181224543873,0.8558078858910537,0.47686688492937784,0.3075274025521627,0.10729286147326958,0.1755015443011028,0.12279515150116711
53,0.1,0.98,0.6272593140602112,0.12207527458667755,0.04537450894713402,4.5980963706970215,0.0,0.6002481579780579,0.12957881391048431,0.11079219728708267,0.018786625936627388,4.706693649291992,0.6836391687393188,7,0.0,0.0,0.0,0.0,False,0.20818977821164014,0.15176088054005693,0.8764489336711604,0.47710111664562693,0.30098522000196504,0.10621291835133623,0.17622127765562476,0.1164763380841511
54,0.1,1.06,0.6236998438835144,0.12078026682138443,0.044652678072452545,4.582668304443359,0.0,0.5925425291061401,0.14668136835098267,0.11148644983768463,0.03519492596387863,4.458611965179443,0.6799736618995667,7,0.0,0.0,0.0,0.0,False,0.2013015281863329,0.1498512872835485,0.8407651389517435,0.47221532682093176,0.28961681738132383,0.10281213899938071,0.16510086524777295,0.1200002926151927
55,0.1,0.99,0.624003529548645,0.12081020325422287,0.04774806648492813,4.554451942443848,0.0,0.5898915529251099,0.13911032676696777,0.11168345808982849,0.027426883578300476,4.5078125,0.6861299276351929,7,0.0,0.0,0.0,0.0,False,0.20895315961139957,0.15145529770269628,0.850596358136433,0.47183260103551355,0.2960588176076005,0.1030334728520091,0.17040777206420898,0.11861127760352158
56,0.1,1.03,0.6277773976325989,0.11910203099250793,0.045734986662864685,4.629403114318848,0.0,0.5944517850875854,0.14986898005008698,0.11181798577308655,0.038051001727581024,4.445827960968018,0.6840987205505371,7,0.0,0.0,0.0,0.0,False,0.20834357564042255,0.15312514654019985,0.8366367060963701,0.47810819672375193,0.29391305039568644,0.10154101906753168,0.1658889956590606,0.11716571668299233
57,0.1,1.07,0.6232942342758179,0.11958806961774826,0.044706057757139206,4.590001583099365,0.0,0.5889055728912354,0.15511780977249146,0.11490793526172638,0.04020989313721657,4.3378777503967285,0.6925706267356873,7,0.0,0.0,0.0,0.0,False,0.20794538172279917,0.1484145536655333,0.8564267972620522,0.47907350121474845,0.2906617885682641,0.09938117934436333,0.1683610357889315,0.11797179245367283
58,0.1,0.92,0.6242287755012512,0.12127495557069778,0.05055493116378784,4.52398681640625,0.0,0.5931308269500732,0.1448754072189331,0.10879603028297424,0.03607937693595886,4.482553958892822,0.674963116645813,7,0.0,0.0,0.0,0.0,False,0.20173521739680592,0.14401448645242831,0.8254887650652629,0.4869043768906012,0.29151132630138865,0.10022268062684594,0.16478464080066216,0.11696780600198885
