epoch,seconds,validation_loss,validation_bce,validation_score,validation_accuracy,train_loss,train_bce,train_score,train_accuracy,best
0,0.0,1.2343297764460246,0.6868074007564121,0.5475223773850335,0.6253333333333333,,,,,
1,19.4,0.7033034704526265,0.6602481673028734,0.04305530810687277,0.6253333333333333,1.108407084171365,0.6724063190745144,0.4360007551703148,0.6212842987804879,True
2,19.1,0.6625808780458239,0.6335439573393927,0.02903692361878024,0.6253333333333333,0.6904633165132709,0.6539726111947036,0.03649070426231114,0.6240234375,True
3,19.2,0.5672826064957512,0.5046124389966329,0.06267016475068199,0.7684444444444445,0.5893710208375279,0.5460406345565144,0.04333038695111144,0.7137004573170732,True
4,20.4,0.4757711221906874,0.4098254072931078,0.06594571368230713,0.8628888888888889,0.5033555675934,0.440775161654484,0.06258040516659981,0.8411061356707317,True
5,19.3,0.41417703866958616,0.35738934209611684,0.056787696066829894,0.8877777777777778,0.4413842393494234,0.38158026283107155,0.05980397756325036,0.8785966082317073,True
6,19.0,0.36778299906518724,0.3275338745647007,0.04024912465612094,0.8962222222222223,0.39104336500167847,0.3396001447264741,0.0514432202070588,0.8968416539634146,True
7,19.1,0.9641300058364868,0.7947334096696642,0.1693965992662642,0.4663333333333333,0.348666757890364,0.30569595770864955,0.042970799329895074,0.9088224085365854,False
8,19.0,0.29820377503501044,0.26276136207580564,0.035442413432730566,0.9247777777777778,0.3138437080310612,0.27849584163689034,0.035347866280594976,0.917063643292683,True
9,19.1,0.46409467612372507,0.4135442507531908,0.05055042667521371,0.8907777777777778,0.28437191556866576,0.25337724742002604,0.03099466839850676,0.9255430640243902,False
10,19.1,0.2498112670580546,0.22268754773669772,0.027123718568020396,0.9361111111111111,0.266156438283804,0.2380276198794202,0.028128818268092666,0.9310213414634146,True
11,19.1,0.2544428188535902,0.2288704297012753,0.025572387819488843,0.931,0.24355285841880775,0.21680408870665038,0.026748769416859965,0.9375952743902439,False
12,19.6,0.45617344082726374,0.41250835479630366,0.04366508661707243,0.8341111111111111,0.22729995583252208,0.20139149185724375,0.025908464088854267,0.9426209984756098,False
13,20.1,0.2621816123591529,0.23299484123124017,0.029186770071585974,0.9346666666666666,0.21275498590818265,0.187063728163882,0.025691257585294364,0.9475514481707317,False
14,22.0,0.1980906942685445,0.1722975637382931,0.025793130664361848,0.951,0.20077211945885565,0.17486264147773023,0.025909477788046364,0.951100419207317,True
15,19.9,0.20359189081192017,0.1751403647793664,0.028451526823971007,0.9486666666666667,0.19221185811045693,0.16627782151648185,0.02593403692334527,0.9543159298780488,False
16,19.5,0.19283525546391805,0.1663962569501665,0.02643899802532461,0.9544444444444444,0.1806821239794173,0.154760732474487,0.02592139170936695,0.9567692454268293,True
17,19.4,0.4923713725937737,0.45105788342158,0.04131348830792639,0.8992222222222223,0.17111456394195557,0.14497785202068528,0.026136711807694377,0.9598656631097561,False
18,19.4,0.20485601761606004,0.17750239115291172,0.02735362704263793,0.9467777777777778,0.16647629998624325,0.14023457903687547,0.026241721653538507,0.9608184070121951,False
19,19.4,0.22849556946754457,0.19826609359847175,0.030229476610819497,0.9356666666666666,0.15804346173819972,0.1319648966920085,0.02607856496668807,0.9633669969512195,False
20,19.4,0.16203620878855388,0.13609638282987807,0.025939825468593174,0.9616666666666667,0.147780099565663,0.12184110070328887,0.025938999169029114,0.9662252286585366,True
21,19.5,0.17012712171342637,0.14338404239548577,0.0267430803279082,0.9573333333333334,0.1476160559984969,0.1213869497906871,0.026229106105591465,0.9656774009146342,False
22,19.4,0.16797216306792365,0.1406839275095198,0.027288236146171888,0.9605555555555556,0.13912569799619476,0.11294952348419805,0.02617617459149986,0.9688452743902439,False
23,19.3,0.24676267597410415,0.2177444354693095,0.029018239269653957,0.9412222222222222,0.13629668146917007,0.10988085912313403,0.02641582231196325,0.9693692835365854,False
24,19.4,0.14759236677487692,0.12114829148186577,0.026444074999954964,0.9635555555555556,0.1286107698319162,0.10223185055230449,0.026378919245538916,0.9717273246951219,True
25,19.5,0.14421590728229947,0.11664844017558627,0.027567467399769358,0.9647777777777777,0.12474716059500124,0.09845783266170723,0.026289327263196067,0.9718225990853658,True
26,19.4,0.1389413707256317,0.11274292529953851,0.02619844569100274,0.9655555555555555,0.12351935593093313,0.09726525650064392,0.026254099316713287,0.9715129573170732,True
27,19.4,0.21142340903811985,0.18258636135525175,0.028837047818634245,0.9511111111111111,0.11518298089504242,0.08876342237813444,0.026419558687271867,0.9749666539634146,False
28,19.4,0.25281082325511506,0.22256205842230056,0.030248766048087013,0.9238888888888889,0.11160161259879427,0.08521226788984566,0.026389344572657493,0.9757288490853658,False
29,19.3,0.16139489958021375,0.13432331895828248,0.027071580194764668,0.9618888888888889,0.11035365963400137,0.08376951097715192,0.026584148940789264,0.9759193978658537,False
30,19.3,0.20141976028018527,0.1721858143541548,0.029233946215775276,0.9433333333333334,0.10337393569601018,0.0768302221350917,0.02654371302711164,0.9782536204268293,False
