candidate,seed,run,val_loss,position_error_mean,active_units,epochs,m1_rvr,m1_quality,m1_top3,m1_top3_rule,m1_diversity,m1_overlap,m1_seconds_per_room,m2_rvr,m2_quality,m2_top3,m2_top3_rule,m2_diversity,m2_overlap,m2_seconds_per_room
default,0,screen\default,0.5712,0.57576,8,119,0.11141,0.56984,0.66222,0.70216,1.92292,0.17291,0.07124,0.67641,0.5896,0.77937,0.84541,1.98701,0.00836,0.70071
default,1,gate2\default__seed-1,0.57003,0.58227,8,136,0.12359,0.56387,0.66342,0.7013,1.88645,0.16571,0.06859,0.66156,0.58772,0.78131,0.8434,1.99638,0.00904,0.61217
default,2,gate2\default__seed-2,0.57523,0.58929,8,88,0.10797,0.54862,0.65377,0.68258,1.94603,0.17514,0.07199,0.67641,0.57613,0.79646,0.84795,2.00736,0.0058,0.69903
tanh,0,screen\activation-tanh,0.57358,0.61109,8,120,0.21328,0.63466,0.71008,0.7422,1.9817,0.14047,0.07747,0.66266,0.5777,0.73047,0.79584,2.01369,0.01077,0.61328
tanh,1,gate2\activation-tanh__seed-1,0.5864,0.627,7,96,0.18859,0.62471,0.72316,0.75473,1.96191,0.1544,0.07006,0.61039,0.58097,0.71324,0.77639,1.95651,0.01642,0.62793
tanh,2,gate2\activation-tanh__seed-2,0.58295,0.62316,8,103,0.1968,0.61673,0.69317,0.72508,1.98569,0.14559,0.08837,0.64602,0.57683,0.72851,0.79408,2.02969,0.01241,0.62026
overlap term,0,screen\lambda_overlap-1.0,0.56462,0.56426,7,137,0.19906,0.56496,0.67783,0.72625,1.95818,0.07721,0.07956,0.72859,0.60982,0.79331,0.8565,2.06669,0.00195,0.61874
overlap term,1,gate2\lambda_overlap-1.0__seed-1,0.58152,0.59445,8,128,0.19078,0.55014,0.66722,0.7163,1.92325,0.08554,0.07534,0.71031,0.58173,0.77082,0.83515,2.04797,0.00161,3.77342
overlap term,2,gate2\lambda_overlap-1.0__seed-2,0.59125,0.59784,8,88,0.1832,0.53512,0.63478,0.68698,1.97143,0.09343,0.10766,0.71648,0.56938,0.77539,0.84586,2.08448,0.00145,0.83908
mae,0,screen\position_loss-mae,0.99364,0.19275,10,92,0.16672,0.60963,0.72568,0.76371,2.14786,0.13935,0.09017,0.7125,0.62842,0.8418,0.88002,2.25707,0.0033,0.61033
mae,1,gate2\position_loss-mae__seed-1,0.91916,0.1757,9,200,0.20609,0.69042,0.8099,0.83227,2.23391,0.10693,0.05438,0.72523,0.69234,0.86005,0.88549,2.30651,0.00301,0.63689
mae,2,gate2\position_loss-mae__seed-2,0.96058,0.17848,10,162,0.2,0.64574,0.77664,0.81057,2.18267,0.12355,0.05609,0.72508,0.65314,0.8469,0.88301,2.25245,0.00247,0.62562
mae + overlap term,0,screen\lambda_overlap-1.0__position_loss-mae,0.96633,0.18817,10,140,0.22938,0.65654,0.79365,0.82962,2.20765,0.09123,0.09422,0.73016,0.6657,0.83306,0.88115,2.27582,0.00181,0.81166
mae + overlap term,1,gate2\lambda_overlap-1.0__position_loss-mae__seed-1,0.9656,0.18191,10,170,0.24195,0.66211,0.79661,0.82918,2.21568,0.09812,0.08533,0.73328,0.66346,0.84989,0.88253,2.26768,0.00177,0.79678
mae + overlap term,2,gate2\lambda_overlap-1.0__position_loss-mae__seed-2,0.96294,0.18451,10,166,0.24891,0.65416,0.80259,0.838,2.19983,0.10082,0.08511,0.72695,0.65762,0.85041,0.88266,2.26694,0.00188,0.80851
